<core:FragmentDefinition xmlns:core="sap.ui.core" xmlns="sap.m" xmlns:macros="sap.fe.macros">
		<VBox  class="mainVboxComment">
		<HBox class="buttonContainer">
			<Button class="commentHistoryClass" text="Comment history" core:require="{ handler: 'vendoronboarddocument/ext/fragment/Commentfragment'}"  press="handler.onpresscommentdoc" />
		</HBox>
		<HBox id="teamrecommendationdoc">
			<Label wrapping="true" text="Team Recommendation with Rationale" class="labelcomment" width="20vw">
			</Label>
			<TextArea id="teamrecommendationdoccomment" rows="8" width="70vw" />
		</HBox>
		 <HBox id="decisionAndMomFormdoc">
			<Label wrapping="true" text="Decision and MOM of Forum" class="labelcomment" width="20vw">
			</Label>
			<TextArea id= "decisionAndMomFormdoccomment" class="commentsectionone"  rows="8" width="70vw" />
		</HBox>
	</VBox>
</core:FragmentDefinition>