<core:FragmentDefinition xmlns:core="sap.ui.core" xmlns="sap.m" xmlns:macros="sap.fe.macros">
	 <HBox id="docinvmainHbox" core:require="{handler: 'vendoronboarddocument/ext/fragment/InvestmentBreakup'}">
        <!-- <ScrollContainer width="100%"> -->
        <!-- <HBox > -->
        <VBox  >
            <Table id="docparentTableinvestment" class="tableClass">
            </Table>
        </VBox>
        <HBox class="rightHboxClass" id='docHboxSupplierinvestment'>

        </HBox>
        <!-- </HBox> -->
        <!-- </ScrollContainer> -->
    </HBox>
</core:FragmentDefinition>