<core:FragmentDefinition xmlns:core="sap.ui.core"
    xmlns="sap.m"
    xmlns:macros="sap.fe.macros">

    <HBox id="mainhoxitem" core:require="{ handler: 'vendoronboarddocument/ext/fragment/Itemdata'}">
        <!-- <ScrollContainer width="100%"> -->
        <!-- <HBox > -->
        <VBox >
            <Table id="parentTableitem" class="tableClass">
            </Table>
        </VBox>
        <HBox class="rightHboxClass" id='HboxSupplieritem'>

        </HBox>
        <!-- </HBox> -->
        <!-- </ScrollContainer> -->
    </HBox>
</core:FragmentDefinition>