<core:FragmentDefinition xmlns:upload="sap.m.upload"
	xmlns:core="sap.ui.core"
	xmlns="sap.m"
	xmlns:macros="sap.fe.macros">
	<VBox core:require="{ handler: 'vendoronboarddocument/ext/fragment/Uploadset'}">
		<HBox justifyContent="SpaceBetween">
			<Text ></Text>
			<Button id="fileUploaderbutton" text="Upload" press="handler.onFileUploadPress"></Button>
		</HBox>
		<upload:UploadSet id="uploadtest" instantUpload="true" uploadButtonInvisible="true" uploadEnabled="false" showIcons="true" mode="None" afterItemAdded="handler.onAfterItemAdded" items="{
								path: '/Files',
								parameters: {
									$orderby: 'createdAt desc'
								},
								templateShareable: true}">
			<upload:items>
				<upload:UploadSetItem fileName="{fileName}" mediaType="{mediaType}" url="{url}" thumbnailUrl="{
								path: 'mediaType',
								formatter: 'handler.formatThumbnailUrl'
							}" enabledEdit="false" visibleEdit="false" openPressed="handler.onOpenPressed" removePressed="handler.onRemovePressed">
					<upload:attributes>
						<ObjectAttribute title="Uploaded By" text="{createdBy}" active="false" />
						<ObjectAttribute title="Uploaded on" text="{createdAt}" active="false" />
						<ObjectAttribute title="File Type" text="{mediaType}" active="false" />
						<ObjectAttribute title="Folder" text="{folder}" active="false" />
					</upload:attributes>
				</upload:UploadSetItem>
			</upload:items>
		</upload:UploadSet>
	</VBox>
</core:FragmentDefinition>