ID,vob_id,mediaType,fileName,folder,url,files_to_screen4_id,createdAt,createdBy,modifiedAt,modifiedBy
1,70ac0c95-4022-4da3-b6e6-4aea987d03f7,image,FY25-VOB-00018.pdf,BTP/VOB Details/FY25-VOB-00036/Backup Document/FY25-VOB-00018.pdf,https://www.w3.org/WAI/ER/tests/xhtml/testfiles/resources/pdf/dummy.pdf,101,2024-01-15T10:20:30Z,admin,2024-01-16T12:30:40Z,user1
2,70ac0c95-4022-4da3-b6e6-4aea987d03f7,document,q1_summary.docx,Summaries,http://example.com/q1_summary,102,2024-02-01T09:15:20Z,user1,2024-02-02T11:25:35Z,admin
3,70ac0c95-4022-4da3-b6e6-4aea987d03f7,spreadsheet,budget.xlsx,Budgets,http://example.com/budget,103,2024-02-10T13:40:50Z,user2,2024-02-11T14:50:10Z,user2
4,70ac0c95-4022-4da3-b6e6-4aea987d03f7,pdf,project_plan.pdf,Projects,http://example.com/project_plan,104,2024-03-05T08:25:10Z,admin,2024-03-06T09:35:20Z,user3
5,70ac0c95-4022-4da3-b6e6-4aea987d03f7,image,team_photo.jpg,Photos,http://example.com/team_photo,105,2024-04-12T07:30:00Z,user3,2024-04-13T08:40:15Z,user1
6,60ac0c95-4022-4da3-b6e6-4aea987d03f7,image,Test.jpg,Photos,http://example.com/team_photo,105,2024-04-12T07:30:00Z,user3,2024-04-13T08:40:15Z,user1
