paymentterm_searchhelp,paymentterm,description
"f47ac10b-58cc-4372-a567-0e02b2c3d479","0001","PAYMENT IN ADVANCE","Payment must be made before delivery"
"2a9eeb7c-8c6b-4c63-8513-f7f7cde08b94","0002","2 % BILLING ON RCPT OF FORM","2% billing upon receipt of form"
"81c9d62e-b69e-4c07-9b89-9f746bc9f7af","0003","98%Immediately &2% On Rectof F","98% immediately and 2% upon receipt of final invoice"
"c2b47136-d46e-46b4-874c-518c94b1f9d3","0004","95% On Prc & Balance 5% On Final Clearance","95% on price and 5% on final clearance"
"0d3a3d96-2b5f-4b3d-b5d0-0e08006e1d6d","D001","15 days from date of dispatch","Payment due 15 days from the date of dispatch"
"dd9b9072-b545-45e0-9b73-272d1d00c1af","D002","15 days from date of receipt","Payment due 15 days from the date of receipt"
"7f7f7c78-8bc4-4c56-8b3c-982a3c738fb4","D003","30 days from date of dispatch/document date","Payment due 30 days from the date of dispatch or document date"
