id_main,vob_id,supplier_name,supplier_id,supplier_location
"1d7f8578-12ab-4dcd-9f5e-e2a98fbb5f54","70ac0c95-4022-4da3-b6e6-4aea987d03f7","Supplier A","SUP001","New York"
"3e8f124b-8a67-4c89-a9cb-dc293c1e9c78","70ac0c95-4022-4da3-b6e6-4aea987d03f7","Supplier B","SUP002","Los Angeles"
"5f7b248f-c1ed-4a98-9c0b-bc712e2f9d87","70ac0c95-4022-4da3-b6e6-4aea987d03f7","Supplier C","SUP003","Chicago"
"5f7b248f-c1ed-4a98-9c0b-bc712e2f9d89","70ac0c95-4022-4da3-b6e6-4aea987d03f7","Supplier D","SUP004","Chicago"
"5f7b248f-c1ed-4a98-9c0b-bc712e2f9d80","70ac0c95-4022-4da3-b6e6-4aea987d03f7","Supplier E","SUP004","Chicago"
