workflow_id,vob_id,employee_id,level,title,status,employee_name,begin_date_time,end_date_time,days_taken,approved_by,comments
"b4d7f6g1-3a5e-4d2f-9f3e-dg6b2f8h3c45","70ac0c95-4022-4da3-b6e6-4aea987d03f7","E005","R5","CEO","Approved","Ethan Hunt","27/10/2024, 8:00:00 am","27/10/2024, 6:00:00 pm","1","Diana Prince","Final approval granted.
Good job overall.
Please proceed with the next steps."
"e1d9f0c0-47f5-4b0e-8f6d-a9bff9bbce41","70ac0c95-4022-4da3-b6e6-4aea987d03f7","E001","R1","Manager","Approved","John Doe","23/10/2024, 3:07:47 pm","24/10/2024, 3:07:47 pm","1","Alice Smith","Approved with minor revisions.
Check alignment with overall project goals."
"f2d9c2e1-58f7-4d1a-b1a3-c6cfda85d3f2","70ac0c95-4022-4da3-b6e6-4aea987d03f7","E002","R2","Senior Manager","Pending","Jane Roe","24/10/2024, 9:00:00 am","25/10/2024, 5:00:00 pm","2","Bob Johnson","Pending further review.
Awaiting input from the finance team."
"c3e2b0d4-63e8-4f5c-91f2-b7d0c8b2e4f3","70ac0c95-4022-4da3-b6e6-4aea987d03f7","E003","R3","Director","Rejected","Alice Brown","25/10/2024, 10:30:00 am","26/10/2024, 4:45:00 pm","2","Charlie King","Rejected due to budget constraints.
Consider alternative options for cost management."
"g5f6e9d8-72e9-4a2d-b7a6-f7d8c9e4a2e5","70ac0c95-4022-4da3-b6e6-4aea987d03f7","E004","R4","VP","Approved","Michael Green","26/10/2024, 11:15:00 am","27/10/2024, 2:30:00 pm","1","Diana Prince","Approved with comments on final deliverables.
Please address the listed requirements."
