id,vob_id,mgsp_part_nos,proposed_vf_part_no,mgsp_vendor_inco_term,applicable_model,financial_year_one,financial_year_two,financial_year_three,total,existing_mgsp_po_price,target_price,msgp_supplier_name,supplierid,finished_weight_of_part,state
f39cfe60-1b48-4a0f-85bc-9d847b9b0201,70ac0c95-4022-4da3-b6e6-4aea987d03f7,Part1234,MV123456,FOB,ModelX,1000.00,1200.00,1100.00,3300.00,1500.00,1400.00,SupplierA,1d7f8578-12ab-4dcd-9f5e-e2a98fbb5f54,1.25,true
a4cdd5c1-93c2-43a4-9220-1c024ded50e6,70ac0c95-4022-4da3-b6e6-4aea987d03f7,Part5678,MV987654,CIF,ModelY,2000.00,2200.00,2100.00,6300.00,1600.00,1500.00,SupplierB,1d7f8578-12ab-4dcd-9f5e-e2a98fbb5f54,1.50,false
d81c91a3-2342-4b1e-82b2-9c1e0b05d0e1,70ac0c95-4022-4da3-b6e6-4aea987d03f7,Part9101,MV246813,EXW,ModelZ,1500.00,1700.00,1600.00,4800.00,1550.00,1450.00,SupplierC,1d7f8578-12ab-4dcd-9f5e-e2a98fbb5f54,2.00,true
e442b3b5-123b-4b58-8c47-befc7b7baf28,70ac0c95-4022-4da3-b6e6-4aea987d03f7,Part1122,MV654321,DDP,ModelA,3000.00,3200.00,3100.00,9300.00,1700.00,1600.00,SupplierD,1d7f8578-12ab-4dcd-9f5e-e2a98fbb5f54,2.50,false
b38c6fd7-9e0d-42c5-8ac3-9ac2434a5271,70ac0c95-4022-4da3-b6e6-4aea987d03f7,Part3344,MV987123,CPT,ModelB,4000.00,4200.00,4100.00,12300.00,1800.00,1700.00,SupplierE,1d7f8578-12ab-4dcd-9f5e-e2a98fbb5f54,3.00,true
0f2c45d8-ec72-42d4-94c6-2c4f3d9c80f4,70ac0c95-4022-4da3-b6e6-4aea987d03f7,Part5566,MV123789,CIP,ModelC,2500.00,2700.00,2600.00,7800.00,1900.00,1800.00,SupplierF,1d7f8578-12ab-4dcd-9f5e-e2a98fbb5f54,2.75,''
