<core:FragmentDefinition xmlns:core="sap.ui.core" xmlns="sap.m" xmlns:macros="sap.fe.macros">
	    <HBox id="mainhboxinv" core:require="{ handler: 'vendoronboardsupplier/ext/fragment/Investmentbreakup'}">
        <!-- <ScrollContainer width="100%"> -->
        <!-- <HBox > -->
        <VBox >
            <Table id="parentTableinvestment" class="tableClass">
            </Table>
        </VBox>
        <HBox class="rightHboxClass" id='HboxSupplierinvestment'>

        </HBox>
        <!-- </HBox> -->
        <!-- </ScrollContainer> -->
    </HBox>
</core:FragmentDefinition>