<core:FragmentDefinition xmlns:core="sap.ui.core"
	xmlns="sap.m"
	xmlns:macros="sap.fe.macros" displayBlock="true"
	xmlns:mvc="sap.ui.core.mvc"
	xmlns:upload="sap.m.upload">
	<VBox id= "11" core:require="{ handler: 'vendoronboardapproval/ext/fragment/Attachment'}">
		<HBox visible="false" justifyContent="SpaceBetween">
			<Text ></Text>
			<Button id="fileUploaderbutton" text="Upload" press="handler.onFileUploadPress"></Button>
		</HBox>
		<upload:UploadSet id="uploadtest" instantUpload="true" uploadButtonInvisible="true" uploadEnabled="false" showIcons="true" mode="None" afterItemAdded="handler.onAfterItemAdded" uploadCompleted="handler.onUploadCompleted" items="{
								path: 'vob_files',
								parameters: {
									$orderby: 'createdAt desc'
								},
								templateShareable: true}">
			<upload:items>
				<upload:UploadSetItem  fileName="{fileName}" mediaType="{mediaType}" url="{url}" thumbnailUrl="{
								path: 'mediaType',
								formatter: 'handler.formatThumbnailUrl'
							}" enabledEdit="false" visibleEdit="false" enabledRemove="false" visibleRemove="false" openPressed="handler.onOpenPressed">
					<upload:attributes>
						<ObjectAttribute title="Uploaded By" text="{createdBy}" active="false" />
						<ObjectAttribute  title="Uploaded on" text="{createdAt}" active="false" />
						<ObjectAttribute  title="File Type" text="{mediaType}" active="false" />
						<ObjectAttribute  title="Folder" text="{folder}" active="false" />
					</upload:attributes>
				</upload:UploadSetItem>
			</upload:items>
		</upload:UploadSet>
	</VBox>
</core:FragmentDefinition>