<core:FragmentDefinition xmlns:core="sap.ui.core" xmlns="sap.m" xmlns:macros="sap.fe.macros">
	<!-- <VBox>
		<Text text="Commentfragment" />
	</VBox>
	<VBox core:require="{ handler: 'vendoronboardapproval/ext/fragment/comment'}">
		<Button text="Comment" press="handler.onPress" />
	</VBox> -->

		<VBox  class="mainVboxComment">
	<HBox justifyContent="SpaceBetween">
		<!-- <Label wrapping="true"  text=" Team Recommendation with Rationale" class="labelcomment"> -->
		<!-- </Label> -->

			<TextArea editable="false" rows="8" width = "70vw"/>
			<Button  class="buttonhistory"  core:require="{ handler: 'vendoronboardapproval/ext/fragment/comment'}" text="Comments" press="handler.onPress" />
	</HBox>
	</VBox>


</core:FragmentDefinition>