<core:FragmentDefinition xmlns:core="sap.ui.core" xmlns="sap.m" xmlns:macros="sap.fe.macros">
	<HBox id="appinvmainHbox" >
        <!-- <ScrollContainer width="100%"> -->
        <!-- <HBox > -->
        <VBox  >
            <Table id="appparentTableinvestment" class="tableClass">
            </Table>
        </VBox>
        <HBox class="rightHboxClass" id='appHboxSupplierinvestment'>

        </HBox>
        <!-- </HBox> -->
        <!-- </ScrollContainer> -->
    </HBox>
</core:FragmentDefinition>