<core:FragmentDefinition xmlns:core="sap.ui.core" xmlns="sap.m" xmlns:macros="sap.fe.macros">
	
		    <HBox id="mainhoxitemApproval" >
        <!-- <ScrollContainer width="100%"> -->
        <!-- <HBox > -->
        <VBox >
            <Table id="parentTableitemApproval" class="tableClass">
            </Table>
        </VBox>
        <HBox class="rightHboxClass" id='HboxSupplieritemApproval'>

        </HBox>
        <!-- </HBox> -->
        <!-- </ScrollContainer> -->
    </HBox>
</core:FragmentDefinition>